product,price
Bague Eclair,55
Bague Lune,55
Bague Safety Pin Strass,70
Bijou Feather,80
Bijou Skull Head Key,65
Bijou Starline,65
Blazer Volly Bis,378
Blouse Tirate,298
Blouson Homme Koy,258
Blouson Homme Len,698
Blouson Kavy Bis Spi,325
Blouson Kioky,198
Blouson Kioky Bis Spi,255
Blouson Loon Bis,650
Blouson Loon Bloom,650
Blouson Loon Spi,650
Bombers Billy Print,450
Bombers Homme Kars,365
Bombers Homme Kate,280
Bonnet Homme Camp Acp,58
Bottes Roady Rubber,198
Bottines Cara,485
Bottines Homme Jylf Suede,310
Bottines Laureen Roma,340
Bottines Mods Clous,395
Bottines Mods Nash,395
Bottines Molly,330
Bottines Molly Franges,395
Bottines Teddy Bicolore Skull,425
Bottines Teddy Suede,390
Boucle D'Oreille Safety Pin Strass,75
Boucle D'Oreille Solo Double Ailes,65
Boucles D'Oreilles Lune,50
Boucles D'Oreilles Studs Eclair,55
Bracelet Cordon Coeur,50
Bracelet Croix Strass,85
Bracelet Eclair,90
Bracelet Jonc Croix Strass,95
Bracelet Jonc Double Ailes,105
Bracelet Jonc Safety Pin Strass,105
Bracelet Love Argent,90
Bracelet Love Or,90
Bracelet Rock,90
Bretelles Strapin Sequin Deluxe,95
Caraco Camel,140
Caraco Camil,120
Caraco Carole,135
Caraco Carole Bis,145
Caraco Caroline,198
Caraco Christy Deluxe,178
Caraco Imprime Cavel,130
Cardigan Bébé Peps,65
Cardigan Cachemire Pixy Deluxe C,565
Cardigan Celia Ho,298
Cardigan Clark Ba,298
Cardigan Clark Deluxe C,698
Cardigan Dana Cp,398
Cardigan Dana Pointelle Crl,275
Cardigan Daphnee New Ctv,175
Cardigan Daphnee Tdl Spi,275
Cardigan Enfant Pams,105
Cardigan Homme Clash Bis Df,198
Cardigan Homme Clash Cp Spi,398
Cardigan Homme Clash M,210
Cardigan India Fishnet C,725
Cardigan Marla Deluxe C,598
Cardigan Marta Pointelle Crl Spi,225
Cardigan Mia Fishnet,285
Cardigan Misty,335
Cardigan Ninon Print Ln Spi,265
Cardigan Ninon Ve Spi,225
Cardigan Pix Hook Ma,475
Cardigan Romy Raye Deluxe C,620
Cardigan Suno Pointelle En Maille C,498
Casquette Navy,98
Ceinture Bird,195
Ceinture Clous,145
Ceinture Diamond,95
Ceinture Homme Beatz,165
Ceinture Homme Woody,115
Ceinture Military Belt,195
Ceinture Mini Santafe,95
Ceinture Santafe,125
Ceinture Starlight,195
Ceinture Xs Clous,95
Ceinture Xs Starlight,125
Chapeau Alabama,160
Chapeau Alabama Paille,120
Chapeau Obayo,215
Chemise Homme Talo,135
Chemise Homme Tenim,178
Chemise Homme Thibaut,150
Chemise Homme Thibaut Camo,158
Chemise Homme Thibaut Carreau,158
Chemise Homme Thibaut Skull,168
Chemise Homme Tom,148
Chemise Homme Torro,130
Chemise Homme Torro Raye,125
Chemise Homme Trela,175
Chemise Homme Trela Zip,178
Chemise Militaire Tia Spi,185
Chemise Tach Rayee,168
Chemise Tacha Camouflage,175
Chemise Tacha Raye,168
Chemise Tessy Print,160
Chemise Tomboy Deluxe,320
Chemise Tool Dots,198
Chemise Turn,158
Chemisette Tonia Jac Deluxe,228
Chemisette Tonia Print Deluxe,215
Chemisette Tonia Shiny,155
Chemisette Tubica,198
Chemisier Theos Deluxe,218
Collier Double Cœur,165
Collier Double Eclair,125
Collier Love Argent,125
Collier Love Or,125
Collier Lune,115
Collier Rock,125
Collier Safety Pin Strass,125
Collier Small Wings Strass,125
Collier Wishbone,135
Combinaison Bébé Dindounette,55
Combinaison Bébé Tunis,55
Combinaison Enfant June,75
Combinaison Enfant Loop,95
Derbies Homme Youth,365
Débardeur Alix Bis Cny,198
Débardeur Dean,65
Débardeur Deep Burn,78
Débardeur Deep Holes,65
Débardeur Deep Holes Spi,65
Débardeur Dolly Print,75
Débardeur Enfant Hilda,45
Débardeur Hilda All Over Spi,115
Débardeur Hilda Allover,115
Débardeur Hilda Overdyed,75
Débardeur Hilda Rayé,85
Débardeur Joss Fishnet Crl,175
Débardeur Joss Print Ln,175
Débardeur Mark Bis Cop,145
Débardeur Mark Bis Df,155
Débardeur Milia Ve,165
Débardeur Olymp Pointelle Crl,175
Débardeur Ramy Cot,135
Débardeur Tam Foil,105
Débardeur Tam Light Slub,80
Débardeur Tam Metal,110
Débardeur Zen Embroidery,198
Débardeur Zen Fishnet,90
Espadrilles Andy,298
Espadrilles Andy Lou,255
Foulard Anael,225
Foulard Apach,225
Foulard Babel,135
Foulard Bindi,175
Foulard Delta Ao Leopard,140
Foulard Delta Ao Python,140
Foulard Delta Camou Stars,140
Foulard Delta Skull Outline,140
Foulard Holly Tie Skull,135
Foulard Homme Anael,225
Foulard Homme Delta Camou Stars,140
Foulard Homme Kerry Blurred Manga,175
Foulard Homme Kerry Guitar,175
Foulard Homme Kerry Mix Camou,175
Foulard Homme New Anae,128
Foulard Kerry Ethnic Skulls,155
Foulard Kerry Feather Butterfly,155
Foulard Kerry Flame Skeleton,155
Foulard Kerry Flower Dog,155
Foulard Kerry Garden,155
Foulard Kerry Orchid Skull,155
Foulard Maxy Patchwork,195
Foulard New Anae,128
Foulard New Anae Print,155
Foulard New Anae Stripes,128
Gilet Cachemire Ana Cp,375
Gilet Emilie Sequins Deluxe,370
Grand Sac Mick,330
Jean Boyfriend Boyish Used,168
Jean Boyish White,168
Jean Eva,148
Jean Eva Anthra Zip,178
Jean Homme Platine Black,158
Jean Homme Platine Blue,158
Jean Homme Platine Color,148
Jupe Enfant Folk,65
Jupe Enfant Polka,85
Jupe James Print Pansy,148
Jupe Jazz Camouflage,148
Jupe Jazz Deluxe,398
Jupe Jessie,198
Jupe Joli Jac Deluxe Spi,290
Jupe Joxini,158
Legging Pharel Zip Deluxe,798
Legging Pharell Leo Jacquard,198
Legging Pharell Sequins Deluxe,450
Lunettes Solaires Szv052,159
Lunettes Solaires Szv056,149
Lunettes Solaires Szv062,179
Lunettes Solaires Szv065,189
Lunettes Solaires Szv066,159
Pantalon Bébé Huggo,50
Pantalon Bébé Mum,50
Pantalon Bébé Poni,35
Pantalon Eliot Bis,198
Pantalon Homme Pomeriggio,165
Pantalon Homme Pox,160
Pantalon Homme Preston,195
Pantalon Pal,188
Pantalon Pale Rea,198
Pantalon Paris Raye,168
Pantalon Parone Camouflage,148
Pantalon Pharel Deluxe Spi,798
Pantalon Plaire,160
Pantalon Plaire Jean,160
Pantalon Pomelo Lin,178
Pantalon Pomelo Star Deluxe,198
Pantalon Prune,188
Parka Homme Kan,450
Parka Homme Kan Spi,540
Parka Homme New Army,355
Parka Homme New Army Tech,350
Parka Karl,389
Petit Porte Monnaie Mini Zv Cobra,65
Pochette Nirvana Biker,298
Pochette Rock,310
Pochette Rock Cobra,350
Pochette Rock Hippie Cuir,395
Pochette Rock Hippie Suede,395
Pochette Rock Matelassé,350
Pochette Rock Matelassé Snake,375
Pochette Rock Matelassé Suede,320
Pochette Rock Nash,395
Pochette Rock Xl,350
Pochette Xs Boxy Cobra,195
Poncho Fiji Fishnet Crl,265
Porte Monnaie Mini Zv Matelassé,65
Porte Monnaie Mini Zv Matelassé Snake,75
Porte Monnaie Mini Zv Nash,75
Porte Monnaie Mini Zv Saffiano,75
Portefeuille Compagnon Cobra,185
Portefeuille Compagnon Matelassé,185
Portefeuille Compagnon Matelassé Snake,195
Portefeuille Compagnon Nash,195
Portefeuille Compagnon Saffiano,185
Portefeuille Compagnon Studs,195
Portefeuille Kiss Matelassé,235
Portefeuille Voyageur Cobra,185
Portefeuille Voyageur Matelassé,185
Portefeuille Voyageur Matelassé Snake,195
Portefeuille Voyageur Nash,195
Portefeuille Voyageur Saffiano,185
Portefeuille Voyageur Studs,195
Portemonnaie Mini Zv Studs,75
Pull Apple Ba,198
Pull Banko Df,175
Pull Cachemire Happy Cp,275
Pull Cachemire Miss Cp,285
Pull Celsa Bis Cop,165
Pull Crisp Bis Mf,225
Pull Crisp Mf,0
Pull Delly Bis C,315
Pull Enfant Cachou,90
Pull Enfant Calox,90
Pull Flint Deluxe C,435
Pull Flint Ho,210
Pull Flint Pointelle Crl,235
Pull Homme Artico Raye Cos,175
Pull Homme Bill Ba,198
Pull Homme Ginger Cos,170
Pull Homme Ginger Cp,298
Pull Homme Ginger Patch M,175
Pull Homme Jeremy Bis Df,175
Pull Homme Jeremy Patch M,175
Pull Homme Jules Lcg,265
Pull Homme Kennedy Cp Spi,298
Pull Homme Kennedy Grunge C,265
Pull Homme Monastir Bis Cos,180
Pull Homme Monastir Coz,170
Pull Homme Monastir Mg,185
Pull Homme Twist Coz,158
Pull Kansy Deluxe Spw,235
Pull Killy Tdl,225
Pull Lixy Fishnet C,365
Pull Lor Tdl,185
Pull Lor Ve,198
Pull Miss Bis Cp,298
Pull Miss Bis Cp Spi,298
Pull Nosfa Bis Df,185
Pull Nosfa Deluxe C,398
Pull Nosfa Df,160
Pull Preppy Ve,225
Pull Rage Bis Ctv,145
Pull Rage Ctv,135
Pull Rage Fishnet Crl,215
Pull Ready Mf,185
Pull Ria Cot,148
Pull Rilby Ctv,150
Pull Rina C,340
Pull Rina Ve,175
Ranil Robe,240
Robe Chemise Rooly Jac Deluxe,398
Robe Dario Tdl Spi,295
Robe Dixia Ve,235
Robe Enfant Pims,70
Robe Enfant Roller,130
Robe Enfant Willy,65
Robe Imprimee Root,235
Robe Maiwen Burn,120
Robe Maiwen Short Burn,110
Robe Marty Pointelle Crl,320
Robe Raba Burn,135
Robe Raff Deluxe,320
Robe Rafida Suede Deluxe,890
Robe Ralla,598
Robe Ranger,228
Robe Rastana,270
Robe Rebel Burn,115
Robe Renda Print Pansy,198
Robe Rene,398
Robe Rex Deluxe,320
Robe Rhuya Deluxe,455
Robe Ricy Jac Deluxe,398
Robe Rifle Tdl,285
Robe Rimo Cny,245
Robe Ringo Print Eve,260
Robe Rirate,398
Robe Riva Print Eve,260
Robe Rivale Print,298
Robe Riza Ve,230
Robe Roll Tie Dye,115
Robe Rool Shiny,280
Robe Roose Print Deluxe,390
Robe Root Star Spi,235
Robe Rory Print,270
Robe Rubica,298
Robe Tunisielle Overdyed,110
Rory Spi Robe,270
Sac Bamboo Hippie Cuir,395
Sac Bamboo Hippie Suede,395
Sac Cabas Bucket,210
Sac Cabas Dottie Print,298
Sac Cabas Mick Suede,280
Sac Candide Large Clous,780
Sac Candide Large Cuir,750
Sac Candide Large Suede,750
Sac Candide Medium Canvas,625
Sac Candide Medium Clous,680
Sac Candide Medium Cuir,665
Sac Candide Medium Suede,665
Sac Candide Medium Zip,695
Sac Homme Flip,245
Sac Homme Jetlag,195
Sac Homme Jetlag Camou,195
Sac Homme Traveller Camou,295
Sac Mick Panier,195
Sac Panglos Clous,420
Sac Rock Suede,265
Sac Skinny Love Matelassé,398
Sac Sunny Medium,398
Sac Sunny Medium Matelassé,460
Sac Sunny Medium Suede,375
Sac Uma Hippie Cuir,245
Sac Vagabond Hippie Cuir,595
Sac Vagabond Hippie Suede,595
Sac Xs Boxy Matelassé Snake,225
Sac Xs Boxy Nash,298
Sac Xs Candide Clous,510
Sac Xs Candide Cuir,498
Sac Xs Skinny Love Matelassé,298
Sac Xs Skinny Love Matelassé Suede,265
Sac Xs Sunny,310
Sac Xs Sunny Suede,280
Salopette Ridney Deluxe,598
Sandales Craft Strass,345
Sandales Ember,245
Sandales May,398
Sandales Sunset,298
Short Boy,135
Short Boy Otakhe,218
Short Boy Spi,135
Short Enfant Bango,55
Short Enfant Karl,70
Short Enfant Missy,55
Short Homme Pen,155
Short Homme Pierce Studs,125
Short Paro Lin,148
Short Paro Raye,140
Short Pink,155
Short Simio Deluxe,380
Simple Bag All Over Etnic Skull,39
Simple Bag Art Is Truth,35
Sneakers Homme Zv1747,195
Sneakers Homme Zv1747 Camou,210
Sneakers Homme Zv1747 Suede,195
Sneakers Zv1747,195
Sneakers Zv1747 Nash,250
Surchemise Kavy Camouflage,298
Surchemise Militaire Tackl,348
Surchemise Tackl Spi,348
Sweat-Shirt Enfant Anto,75
Sweat-Shirt Enfant Ola,80
Sweat-Shirt Enfant Toto,60
Sweatshirt Fame Overdyed Spi,150
Sweatshirt Homme Brice,180
Sweatshirt Homme Chris,160
Sweatshirt James Overdyed,160
Sweatshirt Sunny Overdyed Spi,160
Sweatshirt Willy Stripes,115
T-Shirt Anny Allover,120
T-Shirt Appy Embroidery,215
T-Shirt Brooklyn Strass Spi,95
T-Shirt Bébé Boxi,40
T-Shirt Bébé Boxi Ml,45
T-Shirt Enfant Anita,50
T-Shirt Enfant Boy,45
T-Shirt Enfant Kika,50
T-Shirt Homme Aaron Liquette,110
T-Shirt Homme Aaron Mc Lin,95
T-Shirt Homme Jesse,90
T-Shirt Homme Monas Mc,65
T-Shirt Homme Monas Mc Overdyed,65
T-Shirt Homme Monas Ml,70
T-Shirt Homme Monastir Mc Patch Overdyed,80
T-Shirt Homme Monastir Mc Print,75
T-Shirt Homme Monastir Mc Print Overdyed,75
T-Shirt Homme Monastir Mc Print Spi,75
T-Shirt Homme Monastir Ml Patch,85
T-Shirt Homme Monastir Ml Patch Overdyed,90
T-Shirt Homme Nastir Spi,95
T-Shirt Homme Stockholm,78
T-Shirt Homme Stockholm Lin,155
T-Shirt Homme Stockholm Overdyed,90
T-Shirt Homme Stockholm Raye,95
T-Shirt Homme Taro Burn,95
T-Shirt Homme Taro Print Lin,98
T-Shirt Homme Terak Burn,95
T-Shirt Homme Terak Lin,90
T-Shirt Homme Terak Overdyed,98
T-Shirt Homme Tibo Overdyed,98
T-Shirt Homme Tibo Print Lin,98
T-Shirt Homme Trial,110
T-Shirt Homme Trip Rib,110
T-Shirt Kanye Burn,95
T-Shirt Kanye Foil,110
T-Shirt Kanye Holes,85
T-Shirt Kanye Lin,85
T-Shirt Kim Lin Bis Spi,90
T-Shirt Kim Lin Print,98
T-Shirt Nina Mc Metal,125
T-Shirt Nina Ml Flamme,98
T-Shirt Rage Chine Overdyed,98
T-Shirt Reja Raye Flamme,98
T-Shirt Remix Raye,98
T-Shirt Story Fishnet,95
T-Shirt Tino Foil,110
T-Shirt Tino Light Slub,90
T-Shirt Tino Metal,120
T-Shirt Tunisien Mc All Over,80
T-Shirt Tunisien Mc Glitter,75
T-Shirt Tunisien Mc Patch,85
T-Shirt Tunisien Mc Print,75
T-Shirt Tunisien Mc Print Spi,75
T-Shirt Tunisien Ml Light Slub,98
T-Shirt Tunisien Ml Strass,110
T-Shirt Tunys Mc Overdyed,65
T-Shirt Tunys Strass Mc,65
T-Shirt Tunys Strass Ml,70
T-Shirt Walk Lin All Over Oversize,155
T-Shirt Walk Lin Bis Spi,98
T-Shirt Walk Lin Oversize,95
T-Shirt Walk Overdyed,85
T-Shirt Walk Overdyed Spi,90
T-Shirt Wass Burn,88
T-Shirt Wassa Holes,80
T-Shirt Wassa Lin,80
T-Shirt Wassa Overdyed,75
T-Shirt Wassy Burn,90
T-Shirt Willy Foil,110
Top Chaman Print Eve,168
Top Cory Print,298
Top Gina Bis Lco,145
Top Lor Print Ln,198
Top Lor Studs Deluxe Spw Spi,285
Top Tage Spi,178
Top Tani,150
Top Tendre,165
Top Thuy Deluxe,345
Top Tifle Bis Cny,245
Top Tifle Tdl,215
Top Tram Deluxe,218
Trench Maiva Deluxe,498
Trench Musta Spi,355
Tshirt Anny Allover Spi,120
Tunique Theresa,228
Tunique Toho,168
Tunique Tone Crinkle,150
Tunique Tranoi,298
Tunique Trone,210
Tunisien Enfant Boxer,50
Tunisien Enfant Boxo,50
Tunisien Mc Glitter Spi,75
Veste Homme Kravis,198
Veste Homme Lasso,648
Veste Homme New Army Bis,385
Veste Homme Ven,355
Veste Homme Ven Bis,398
Veste Homme Viks,425
Veste Homme Vitro,325
Veste Karma Spi,450
Veste Kioky Suede Deluxe,998
Veste Liam Spi,590
Veste Tailleur Virginie Sequins Deluxe Spi,550
Veste Valence Bis,460
Veste Vedy Spi,398
Veste Vegam,375
Veste Vegam Leo Jacquard,428
Veste Victor Co,395
Veste Victor Happy,320
Veste Victor Love,298
Veste Victor Skull Spi,298
Veste Victor Star Deluxe,428
Veste Vijou Sequins Deluxe,598
Veste Virginia Grunge Spi,210
Veste Vola Spi,398
Veste Volcan,328
Veste Voly Deluxe,520
Xs Bobo Snake,335
